quote,theme,tone,length,visual_keywords
"Silence. It is the first word I remember, and the last.",Silence & Isolation,Poetic,Short,"silence, stillness, cold"
"I was already a prisoner being ferried to my cell—only without the clarity of a sentence, or the dignity of protest.",Doctrine & Control,Ominous,Medium,"prison, confinement, shadows"
"Fear was a cold knot in my stomach… and I was afraid of my own name.",Silence & Isolation,Melancholic,Medium,"fear, cold, shadow"
"Neither whispers nor shame have an expiration date.",Grief & Loss,Poetic,Short,"whisper, shadow"
"The Sun was not warmth—it was fire. And fire did not love.",Doctrine & Control,Ominous,Short,"sun, fire, danger"
"My mother was a house with boarded windows.",Grief & Loss,Melancholic,Medium,"house, boarded windows"
"Your name is ash now. Let the Sun rename you.",Doctrine & Control,Ominous,Short,"ash, fire, sun"
"Obedience is never immediate. It begins as stillness.",Doctrine & Control,Poetic,Short,"stillness, discipline"
"They didn't just rename me. They began the unmaking.",Doctrine & Control,Ominous,Short,"identity, erasure"
"The silence was not emptiness—it was surveillance.",Doctrine & Control,Ominous,Short,"silence, watching"
"The mountains rose beyond the glass, silver and still, indifferent witnesses.",Atmosphere & Setting,Poetic,Medium,"mountains, glass, silver"
"The Temple was cloaked in a sacred kind of darkness.",Atmosphere & Setting,Poetic,Medium,"temple, darkness"
"Maybe I was fire. Maybe I was ash. Neither of us knew yet.",Identity & Transformation,Poetic,Short,"fire, ash"
"He looked at me with eyes that still held light — a glint of self in a place that extinguished it.",Love & Connection,Tender,Medium,"eyes, light, connection"
"The moon doesn't punish. It watches. It bears witness.",Atmosphere & Setting,Poetic,Short,"moon, witness"
"In that silence, we said everything we needed to.",Love & Connection,Tender,Short,"silence, understanding"
"That moment — of paper and moonlight and breathless grace — I will keep forever.",Love & Connection,Poetic,Medium,"moonlight, grace"
"Some loves are written in the way two people can laugh in a room no one else dares to enter.",Love & Connection,Tender,Medium,"laughter, intimacy"
"I held the Sun. Not the Sun that punished. The Sun that danced in Sicily.",Love & Connection,Poetic,Long,"sun, sicily, music"
"I would become the thing the Sun feared: the one who knew how to burn without turning to ash.",Defiance & Power,Resolute,Long,"fire, defiance"
"The glass has teeth now. It remembers what it saw.",Atmosphere & Setting,Poetic,Short,"glass, memory"
"Some nights, when the grief has teeth again, I walk to that small, forgotten mound of dirt.",Grief & Loss,Melancholic,Long,"grave, earth"
"Love does not die. It waits. It watches. It begins again.",Love & Connection,Poetic,Medium,"love, renewal"
"The dead don't ask us to stay buried with them—they ask us to live.",Grief & Loss,Poetic,Medium,"dead, life"
"Sometimes hope isn't born in fire—it's stitched quietly into the dark.",Defiance & Power,Poetic,Medium,"hope, darkness"
"Love here isn't forbidden—it's hunted.",Love & Connection,Ominous,Short,"love, hunted"
"Behind the door they never opened, we breathed in sync.",Love & Connection,Poetic,Medium,"door, breath"
"Choose a word. One they can't cauterise out of us.",Love & Connection,Poetic,Medium,"word, permanence"
"They can't keep getting away with this.",Defiance & Power,Resolute,Short,"justice, defiance"
"There was fire in his gaze. Not the kind that destroys. The kind that begins.",Defiance & Power,Poetic,Medium,"fire, beginning"
"Power is just another kind of cage. Only gilded.",Power & Control,Poetic,Short,"power, cage"
"Your heart never forgets what it means to bleed.",Grief & Loss,Poetic,Short,"heart, bleed"
"What if power could protect love?",Defiance & Power,Resolute,Long,"power, love"
"A name is a blade when you've been made to forget it.",Identity & Transformation,Poetic,Short,"name, blade"
"I'm not Ascendant Lucian. My name is Luca Altomare.",Identity & Transformation,Resolute,Medium,"name, identity"
"This was the moment. The Order didn't fall like stone. It cracked like ice.",Defiance & Power,Poetic,Medium,"order, ice"
"Freedom, we thought, would taste like air. Instead, it tasted like dust and stomach acid.",Freedom & Escape,Melancholic,Medium,"freedom, dust"
"We won't win this war with poetry. We'll win it with fire.",Defiance & Power,Resolute,Medium,"war, fire"
"Let's burn this shithole down.",Defiance & Power,Resolute,Short,"fire, destruction"
"We're not martyrs anymore. We're firestarters.",Defiance & Power,Resolute,Medium,"fire, revolution"
"Love is what made me climb when my body begged to stop.",Love & Connection,Resolute,Medium,"love, climb"
"Because I loved a boy and refused to let them erase him.",Love & Connection,Resolute,Medium,"love, resistance"
"If they took him, I would burn them all.",Defiance & Power,Resolute,Short,"fire, vengeance"
"Neither name was mine. I had made my choice. And it was love.",Love & Connection,Resolute,Medium,"love, choice"
"The fortress was no longer burning. It was burned.",Freedom & Escape,Poetic,Medium,"fortress, ruin"
"That rain felt cleaner than absolution.",Freedom & Escape,Poetic,Short,"rain, cleansing"
"Freedom always asks for more than it gives.",Freedom & Escape,Poetic,Short,"freedom, sacrifice"
"We weren't just survivors. We were witnesses.",Defiance & Power,Resolute,Short,"witness, survival"
"The stone remembers.",Grief & Loss,Poetic,Short,"stone, memory"
"Burned, but not erased.",Defiance & Power,Poetic,Short,"burn, resilience"